{"api_key": "AG0GIQJL6LA5U2Q6", "quota_min": 2, "quota_day": 46, "time_prev_min": 1583225190.431146, "time_prev_day": 1583216134.3172224}